id;name;geoid;geoname;value;datetime
687;Precio de pago desvíos a bajar;;;78.25;2024-05-01T00:00:00+02:00
687;Precio de pago desvíos a bajar;;;59.57;2024-05-01T01:00:00+02:00
687;Precio de pago desvíos a bajar;;;65.17;2024-05-01T02:00:00+02:00
687;Precio de pago desvíos a bajar;;;61.97;2024-05-01T03:00:00+02:00
687;Precio de pago desvíos a bajar;;;17.83;2024-05-01T04:00:00+02:00
687;Precio de pago desvíos a bajar;;;33.74;2024-05-01T05:00:00+02:00
687;Precio de pago desvíos a bajar;;;65.61;2024-05-01T06:00:00+02:00
687;Precio de pago desvíos a bajar;;;67.77;2024-05-01T07:00:00+02:00
687;Precio de pago desvíos a bajar;;;47.1;2024-05-01T08:00:00+02:00
687;Precio de pago desvíos a bajar;;;38.68;2024-05-01T09:00:00+02:00
687;Precio de pago desvíos a bajar;;;19.87;2024-05-01T10:00:00+02:00
687;Precio de pago desvíos a bajar;;;2.97;2024-05-01T11:00:00+02:00
687;Precio de pago desvíos a bajar;;;3.25;2024-05-01T12:00:00+02:00
687;Precio de pago desvíos a bajar;;;0.49;2024-05-01T13:00:00+02:00
687;Precio de pago desvíos a bajar;;;0.43;2024-05-01T14:00:00+02:00
687;Precio de pago desvíos a bajar;;;-22.39;2024-05-01T15:00:00+02:00
687;Precio de pago desvíos a bajar;;;0.22;2024-05-01T16:00:00+02:00
687;Precio de pago desvíos a bajar;;;1.7;2024-05-01T17:00:00+02:00
687;Precio de pago desvíos a bajar;;;1.99;2024-05-01T18:00:00+02:00
687;Precio de pago desvíos a bajar;;;2.74;2024-05-01T19:00:00+02:00
687;Precio de pago desvíos a bajar;;;41.32;2024-05-01T20:00:00+02:00
687;Precio de pago desvíos a bajar;;;93.08;2024-05-01T21:00:00+02:00
687;Precio de pago desvíos a bajar;;;74.85;2024-05-01T22:00:00+02:00
687;Precio de pago desvíos a bajar;;;34.68;2024-05-01T23:00:00+02:00
687;Precio de pago desvíos a bajar;;;18.85;2024-05-02T00:00:00+02:00
687;Precio de pago desvíos a bajar;;;18.82;2024-05-02T01:00:00+02:00
687;Precio de pago desvíos a bajar;;;18.85;2024-05-02T02:00:00+02:00
687;Precio de pago desvíos a bajar;;;18.92;2024-05-02T03:00:00+02:00
687;Precio de pago desvíos a bajar;;;18.84;2024-05-02T04:00:00+02:00
687;Precio de pago desvíos a bajar;;;27.08;2024-05-02T05:00:00+02:00
687;Precio de pago desvíos a bajar;;;77.2;2024-05-02T06:00:00+02:00
687;Precio de pago desvíos a bajar;;;74.14;2024-05-02T07:00:00+02:00
687;Precio de pago desvíos a bajar;;;77.26;2024-05-02T08:00:00+02:00
687;Precio de pago desvíos a bajar;;;-1.4;2024-05-02T09:00:00+02:00
687;Precio de pago desvíos a bajar;;;18.55;2024-05-02T10:00:00+02:00
687;Precio de pago desvíos a bajar;;;8.68;2024-05-02T11:00:00+02:00
687;Precio de pago desvíos a bajar;;;8.24;2024-05-02T12:00:00+02:00
687;Precio de pago desvíos a bajar;;;3.25;2024-05-02T13:00:00+02:00
687;Precio de pago desvíos a bajar;;;3.04;2024-05-02T14:00:00+02:00
687;Precio de pago desvíos a bajar;;;3.25;2024-05-02T15:00:00+02:00
687;Precio de pago desvíos a bajar;;;18.58;2024-05-02T16:00:00+02:00
687;Precio de pago desvíos a bajar;;;9.2;2024-05-02T17:00:00+02:00
687;Precio de pago desvíos a bajar;;;18.37;2024-05-02T18:00:00+02:00
687;Precio de pago desvíos a bajar;;;18.08;2024-05-02T19:00:00+02:00
687;Precio de pago desvíos a bajar;;;85.84;2024-05-02T20:00:00+02:00
687;Precio de pago desvíos a bajar;;;82.14;2024-05-02T21:00:00+02:00
687;Precio de pago desvíos a bajar;;;87.39;2024-05-02T22:00:00+02:00
687;Precio de pago desvíos a bajar;;;76.97;2024-05-02T23:00:00+02:00
687;Precio de pago desvíos a bajar;;;47;2024-05-03T00:00:00+02:00
687;Precio de pago desvíos a bajar;;;36.14;2024-05-03T01:00:00+02:00
687;Precio de pago desvíos a bajar;;;33.22;2024-05-03T02:00:00+02:00
687;Precio de pago desvíos a bajar;;;29.18;2024-05-03T03:00:00+02:00
687;Precio de pago desvíos a bajar;;;31.67;2024-05-03T04:00:00+02:00
687;Precio de pago desvíos a bajar;;;40.98;2024-05-03T05:00:00+02:00
687;Precio de pago desvíos a bajar;;;61.87;2024-05-03T06:00:00+02:00
687;Precio de pago desvíos a bajar;;;73.96;2024-05-03T07:00:00+02:00
687;Precio de pago desvíos a bajar;;;54.97;2024-05-03T08:00:00+02:00
687;Precio de pago desvíos a bajar;;;33.84;2024-05-03T09:00:00+02:00
687;Precio de pago desvíos a bajar;;;26.91;2024-05-03T10:00:00+02:00
687;Precio de pago desvíos a bajar;;;14.1;2024-05-03T11:00:00+02:00
687;Precio de pago desvíos a bajar;;;6.1;2024-05-03T12:00:00+02:00
687;Precio de pago desvíos a bajar;;;12.7;2024-05-03T13:00:00+02:00
687;Precio de pago desvíos a bajar;;;3.25;2024-05-03T14:00:00+02:00
687;Precio de pago desvíos a bajar;;;2.51;2024-05-03T15:00:00+02:00
687;Precio de pago desvíos a bajar;;;1.36;2024-05-03T16:00:00+02:00
687;Precio de pago desvíos a bajar;;;22.78;2024-05-03T17:00:00+02:00
687;Precio de pago desvíos a bajar;;;22.38;2024-05-03T18:00:00+02:00
687;Precio de pago desvíos a bajar;;;59.58;2024-05-03T19:00:00+02:00
687;Precio de pago desvíos a bajar;;;73.29;2024-05-03T20:00:00+02:00
687;Precio de pago desvíos a bajar;;;77.76;2024-05-03T21:00:00+02:00
687;Precio de pago desvíos a bajar;;;78.53;2024-05-03T22:00:00+02:00
687;Precio de pago desvíos a bajar;;;80.13;2024-05-03T23:00:00+02:00
687;Precio de pago desvíos a bajar;;;81.17;2024-05-04T00:00:00+02:00
687;Precio de pago desvíos a bajar;;;39.41;2024-05-04T01:00:00+02:00
687;Precio de pago desvíos a bajar;;;28.2;2024-05-04T02:00:00+02:00
687;Precio de pago desvíos a bajar;;;26.03;2024-05-04T03:00:00+02:00
687;Precio de pago desvíos a bajar;;;25.91;2024-05-04T04:00:00+02:00
687;Precio de pago desvíos a bajar;;;25.45;2024-05-04T05:00:00+02:00
687;Precio de pago desvíos a bajar;;;26.09;2024-05-04T06:00:00+02:00
687;Precio de pago desvíos a bajar;;;26.1;2024-05-04T07:00:00+02:00
687;Precio de pago desvíos a bajar;;;28.53;2024-05-04T08:00:00+02:00
687;Precio de pago desvíos a bajar;;;19.57;2024-05-04T09:00:00+02:00
687;Precio de pago desvíos a bajar;;;2.06;2024-05-04T10:00:00+02:00
687;Precio de pago desvíos a bajar;;;0.44;2024-05-04T11:00:00+02:00
687;Precio de pago desvíos a bajar;;;0.37;2024-05-04T12:00:00+02:00
687;Precio de pago desvíos a bajar;;;0.41;2024-05-04T13:00:00+02:00
687;Precio de pago desvíos a bajar;;;0.42;2024-05-04T14:00:00+02:00
687;Precio de pago desvíos a bajar;;;0;2024-05-04T15:00:00+02:00
687;Precio de pago desvíos a bajar;;;-0.52;2024-05-04T16:00:00+02:00
687;Precio de pago desvíos a bajar;;;0.37;2024-05-04T17:00:00+02:00
687;Precio de pago desvíos a bajar;;;1.59;2024-05-04T18:00:00+02:00
687;Precio de pago desvíos a bajar;;;15.78;2024-05-04T19:00:00+02:00
687;Precio de pago desvíos a bajar;;;54.23;2024-05-04T20:00:00+02:00
687;Precio de pago desvíos a bajar;;;73.52;2024-05-04T21:00:00+02:00
687;Precio de pago desvíos a bajar;;;75.74;2024-05-04T22:00:00+02:00
687;Precio de pago desvíos a bajar;;;67.67;2024-05-04T23:00:00+02:00
687;Precio de pago desvíos a bajar;;;60.32;2024-05-05T00:00:00+02:00
687;Precio de pago desvíos a bajar;;;35.07;2024-05-05T01:00:00+02:00
687;Precio de pago desvíos a bajar;;;35.59;2024-05-05T02:00:00+02:00
687;Precio de pago desvíos a bajar;;;35.48;2024-05-05T03:00:00+02:00
687;Precio de pago desvíos a bajar;;;35.48;2024-05-05T04:00:00+02:00
687;Precio de pago desvíos a bajar;;;35.6;2024-05-05T05:00:00+02:00
687;Precio de pago desvíos a bajar;;;43.59;2024-05-05T06:00:00+02:00
687;Precio de pago desvíos a bajar;;;35.54;2024-05-05T07:00:00+02:00
687;Precio de pago desvíos a bajar;;;35.47;2024-05-05T08:00:00+02:00
687;Precio de pago desvíos a bajar;;;37;2024-05-05T09:00:00+02:00
687;Precio de pago desvíos a bajar;;;57.02;2024-05-05T10:00:00+02:00
687;Precio de pago desvíos a bajar;;;10.1;2024-05-05T11:00:00+02:00
687;Precio de pago desvíos a bajar;;;3.23;2024-05-05T12:00:00+02:00
687;Precio de pago desvíos a bajar;;;1.91;2024-05-05T13:00:00+02:00
687;Precio de pago desvíos a bajar;;;2.44;2024-05-05T14:00:00+02:00
687;Precio de pago desvíos a bajar;;;0.43;2024-05-05T15:00:00+02:00
687;Precio de pago desvíos a bajar;;;2.52;2024-05-05T16:00:00+02:00
687;Precio de pago desvíos a bajar;;;3.13;2024-05-05T17:00:00+02:00
687;Precio de pago desvíos a bajar;;;66.97;2024-05-05T18:00:00+02:00
687;Precio de pago desvíos a bajar;;;67.23;2024-05-05T19:00:00+02:00
687;Precio de pago desvíos a bajar;;;88.23;2024-05-05T20:00:00+02:00
687;Precio de pago desvíos a bajar;;;92.89;2024-05-05T21:00:00+02:00
687;Precio de pago desvíos a bajar;;;91.29;2024-05-05T22:00:00+02:00
687;Precio de pago desvíos a bajar;;;80.47;2024-05-05T23:00:00+02:00
687;Precio de pago desvíos a bajar;;;97.22;2024-05-06T00:00:00+02:00
687;Precio de pago desvíos a bajar;;;89.67;2024-05-06T01:00:00+02:00
687;Precio de pago desvíos a bajar;;;84.51;2024-05-06T02:00:00+02:00
687;Precio de pago desvíos a bajar;;;75.48;2024-05-06T03:00:00+02:00
687;Precio de pago desvíos a bajar;;;62.41;2024-05-06T04:00:00+02:00
687;Precio de pago desvíos a bajar;;;61.69;2024-05-06T05:00:00+02:00
687;Precio de pago desvíos a bajar;;;75.61;2024-05-06T06:00:00+02:00
687;Precio de pago desvíos a bajar;;;80.24;2024-05-06T07:00:00+02:00
687;Precio de pago desvíos a bajar;;;85.31;2024-05-06T08:00:00+02:00
687;Precio de pago desvíos a bajar;;;86.86;2024-05-06T09:00:00+02:00
687;Precio de pago desvíos a bajar;;;89.83;2024-05-06T10:00:00+02:00
687;Precio de pago desvíos a bajar;;;85.97;2024-05-06T11:00:00+02:00
687;Precio de pago desvíos a bajar;;;85.13;2024-05-06T12:00:00+02:00
687;Precio de pago desvíos a bajar;;;85.44;2024-05-06T13:00:00+02:00
687;Precio de pago desvíos a bajar;;;66.08;2024-05-06T14:00:00+02:00
687;Precio de pago desvíos a bajar;;;62.55;2024-05-06T15:00:00+02:00
687;Precio de pago desvíos a bajar;;;34.08;2024-05-06T16:00:00+02:00
687;Precio de pago desvíos a bajar;;;50.02;2024-05-06T17:00:00+02:00
687;Precio de pago desvíos a bajar;;;61.2;2024-05-06T18:00:00+02:00
687;Precio de pago desvíos a bajar;;;69.1;2024-05-06T19:00:00+02:00
687;Precio de pago desvíos a bajar;;;79.27;2024-05-06T20:00:00+02:00
687;Precio de pago desvíos a bajar;;;95.26;2024-05-06T21:00:00+02:00
687;Precio de pago desvíos a bajar;;;83.71;2024-05-06T22:00:00+02:00
687;Precio de pago desvíos a bajar;;;79.47;2024-05-06T23:00:00+02:00
687;Precio de pago desvíos a bajar;;;79.05;2024-05-07T00:00:00+02:00
687;Precio de pago desvíos a bajar;;;74.77;2024-05-07T01:00:00+02:00
687;Precio de pago desvíos a bajar;;;76.5;2024-05-07T02:00:00+02:00
687;Precio de pago desvíos a bajar;;;72.58;2024-05-07T03:00:00+02:00
687;Precio de pago desvíos a bajar;;;74.62;2024-05-07T04:00:00+02:00
687;Precio de pago desvíos a bajar;;;75.97;2024-05-07T05:00:00+02:00
687;Precio de pago desvíos a bajar;;;76.02;2024-05-07T06:00:00+02:00
687;Precio de pago desvíos a bajar;;;85.11;2024-05-07T07:00:00+02:00
687;Precio de pago desvíos a bajar;;;70.06;2024-05-07T08:00:00+02:00
687;Precio de pago desvíos a bajar;;;68.2;2024-05-07T09:00:00+02:00
687;Precio de pago desvíos a bajar;;;8.36;2024-05-07T10:00:00+02:00
687;Precio de pago desvíos a bajar;;;3.5;2024-05-07T11:00:00+02:00
687;Precio de pago desvíos a bajar;;;1.81;2024-05-07T12:00:00+02:00
687;Precio de pago desvíos a bajar;;;0.44;2024-05-07T13:00:00+02:00
687;Precio de pago desvíos a bajar;;;0.44;2024-05-07T14:00:00+02:00
687;Precio de pago desvíos a bajar;;;0.32;2024-05-07T15:00:00+02:00
687;Precio de pago desvíos a bajar;;;-12.84;2024-05-07T16:00:00+02:00
687;Precio de pago desvíos a bajar;;;10.74;2024-05-07T17:00:00+02:00
687;Precio de pago desvíos a bajar;;;2.4;2024-05-07T18:00:00+02:00
687;Precio de pago desvíos a bajar;;;50.18;2024-05-07T19:00:00+02:00
687;Precio de pago desvíos a bajar;;;66.49;2024-05-07T20:00:00+02:00
687;Precio de pago desvíos a bajar;;;77.46;2024-05-07T21:00:00+02:00
687;Precio de pago desvíos a bajar;;;77.2;2024-05-07T22:00:00+02:00
687;Precio de pago desvíos a bajar;;;72.58;2024-05-07T23:00:00+02:00
687;Precio de pago desvíos a bajar;;;61.02;2024-05-08T00:00:00+02:00
687;Precio de pago desvíos a bajar;;;49.61;2024-05-08T01:00:00+02:00
687;Precio de pago desvíos a bajar;;;58.66;2024-05-08T02:00:00+02:00
687;Precio de pago desvíos a bajar;;;35.96;2024-05-08T03:00:00+02:00
687;Precio de pago desvíos a bajar;;;64.79;2024-05-08T04:00:00+02:00
687;Precio de pago desvíos a bajar;;;44.98;2024-05-08T05:00:00+02:00
687;Precio de pago desvíos a bajar;;;37.84;2024-05-08T06:00:00+02:00
687;Precio de pago desvíos a bajar;;;41.13;2024-05-08T07:00:00+02:00
687;Precio de pago desvíos a bajar;;;47.2;2024-05-08T08:00:00+02:00
687;Precio de pago desvíos a bajar;;;58.2;2024-05-08T09:00:00+02:00
687;Precio de pago desvíos a bajar;;;39.35;2024-05-08T10:00:00+02:00
687;Precio de pago desvíos a bajar;;;11.47;2024-05-08T11:00:00+02:00
687;Precio de pago desvíos a bajar;;;3.25;2024-05-08T12:00:00+02:00
687;Precio de pago desvíos a bajar;;;13.06;2024-05-08T13:00:00+02:00
687;Precio de pago desvíos a bajar;;;0.01;2024-05-08T14:00:00+02:00
687;Precio de pago desvíos a bajar;;;24.4;2024-05-08T15:00:00+02:00
687;Precio de pago desvíos a bajar;;;4.99;2024-05-08T16:00:00+02:00
687;Precio de pago desvíos a bajar;;;3.82;2024-05-08T17:00:00+02:00
687;Precio de pago desvíos a bajar;;;38.31;2024-05-08T18:00:00+02:00
687;Precio de pago desvíos a bajar;;;35.71;2024-05-08T19:00:00+02:00
687;Precio de pago desvíos a bajar;;;70.53;2024-05-08T20:00:00+02:00
687;Precio de pago desvíos a bajar;;;87.43;2024-05-08T21:00:00+02:00
687;Precio de pago desvíos a bajar;;;88.34;2024-05-08T22:00:00+02:00
687;Precio de pago desvíos a bajar;;;93.95;2024-05-08T23:00:00+02:00
687;Precio de pago desvíos a bajar;;;68.52;2024-05-09T00:00:00+02:00
687;Precio de pago desvíos a bajar;;;68.63;2024-05-09T01:00:00+02:00
687;Precio de pago desvíos a bajar;;;67.05;2024-05-09T02:00:00+02:00
687;Precio de pago desvíos a bajar;;;65.37;2024-05-09T03:00:00+02:00
687;Precio de pago desvíos a bajar;;;61.87;2024-05-09T04:00:00+02:00
687;Precio de pago desvíos a bajar;;;66.26;2024-05-09T05:00:00+02:00
687;Precio de pago desvíos a bajar;;;69.62;2024-05-09T06:00:00+02:00
687;Precio de pago desvíos a bajar;;;66.5;2024-05-09T07:00:00+02:00
687;Precio de pago desvíos a bajar;;;69.33;2024-05-09T08:00:00+02:00
687;Precio de pago desvíos a bajar;;;71.09;2024-05-09T09:00:00+02:00
687;Precio de pago desvíos a bajar;;;59.93;2024-05-09T10:00:00+02:00
687;Precio de pago desvíos a bajar;;;61.91;2024-05-09T11:00:00+02:00
687;Precio de pago desvíos a bajar;;;66.88;2024-05-09T12:00:00+02:00
687;Precio de pago desvíos a bajar;;;16.36;2024-05-09T13:00:00+02:00
687;Precio de pago desvíos a bajar;;;15.72;2024-05-09T14:00:00+02:00
687;Precio de pago desvíos a bajar;;;43.11;2024-05-09T15:00:00+02:00
687;Precio de pago desvíos a bajar;;;38.89;2024-05-09T16:00:00+02:00
687;Precio de pago desvíos a bajar;;;21.1;2024-05-09T17:00:00+02:00
687;Precio de pago desvíos a bajar;;;46.23;2024-05-09T18:00:00+02:00
687;Precio de pago desvíos a bajar;;;49.39;2024-05-09T19:00:00+02:00
687;Precio de pago desvíos a bajar;;;79.79;2024-05-09T20:00:00+02:00
687;Precio de pago desvíos a bajar;;;85.14;2024-05-09T21:00:00+02:00
687;Precio de pago desvíos a bajar;;;81;2024-05-09T22:00:00+02:00
687;Precio de pago desvíos a bajar;;;74.73;2024-05-09T23:00:00+02:00
687;Precio de pago desvíos a bajar;;;74.03;2024-05-10T00:00:00+02:00
687;Precio de pago desvíos a bajar;;;60.28;2024-05-10T01:00:00+02:00
687;Precio de pago desvíos a bajar;;;53.35;2024-05-10T02:00:00+02:00
687;Precio de pago desvíos a bajar;;;54.94;2024-05-10T03:00:00+02:00
687;Precio de pago desvíos a bajar;;;61.57;2024-05-10T04:00:00+02:00
687;Precio de pago desvíos a bajar;;;80.29;2024-05-10T05:00:00+02:00
687;Precio de pago desvíos a bajar;;;77.38;2024-05-10T06:00:00+02:00
687;Precio de pago desvíos a bajar;;;78.75;2024-05-10T07:00:00+02:00
687;Precio de pago desvíos a bajar;;;61.02;2024-05-10T08:00:00+02:00
687;Precio de pago desvíos a bajar;;;34;2024-05-10T09:00:00+02:00
687;Precio de pago desvíos a bajar;;;30.39;2024-05-10T10:00:00+02:00
687;Precio de pago desvíos a bajar;;;4.17;2024-05-10T11:00:00+02:00
687;Precio de pago desvíos a bajar;;;3.58;2024-05-10T12:00:00+02:00
687;Precio de pago desvíos a bajar;;;2.46;2024-05-10T13:00:00+02:00
687;Precio de pago desvíos a bajar;;;1.08;2024-05-10T14:00:00+02:00
687;Precio de pago desvíos a bajar;;;1.35;2024-05-10T15:00:00+02:00
687;Precio de pago desvíos a bajar;;;12.39;2024-05-10T16:00:00+02:00
687;Precio de pago desvíos a bajar;;;18.17;2024-05-10T17:00:00+02:00
687;Precio de pago desvíos a bajar;;;35.78;2024-05-10T18:00:00+02:00
687;Precio de pago desvíos a bajar;;;48.82;2024-05-10T19:00:00+02:00
687;Precio de pago desvíos a bajar;;;48.41;2024-05-10T20:00:00+02:00
687;Precio de pago desvíos a bajar;;;71.43;2024-05-10T21:00:00+02:00
687;Precio de pago desvíos a bajar;;;54.54;2024-05-10T22:00:00+02:00
687;Precio de pago desvíos a bajar;;;53.7;2024-05-10T23:00:00+02:00
687;Precio de pago desvíos a bajar;;;60.97;2024-05-11T00:00:00+02:00
687;Precio de pago desvíos a bajar;;;50.2;2024-05-11T01:00:00+02:00
687;Precio de pago desvíos a bajar;;;61.32;2024-05-11T02:00:00+02:00
687;Precio de pago desvíos a bajar;;;67.31;2024-05-11T03:00:00+02:00
687;Precio de pago desvíos a bajar;;;65.87;2024-05-11T04:00:00+02:00
687;Precio de pago desvíos a bajar;;;66.44;2024-05-11T05:00:00+02:00
687;Precio de pago desvíos a bajar;;;71.99;2024-05-11T06:00:00+02:00
687;Precio de pago desvíos a bajar;;;67.46;2024-05-11T07:00:00+02:00
687;Precio de pago desvíos a bajar;;;59.11;2024-05-11T08:00:00+02:00
687;Precio de pago desvíos a bajar;;;53.3;2024-05-11T09:00:00+02:00
687;Precio de pago desvíos a bajar;;;1.59;2024-05-11T10:00:00+02:00
687;Precio de pago desvíos a bajar;;;0.44;2024-05-11T11:00:00+02:00
687;Precio de pago desvíos a bajar;;;0.46;2024-05-11T12:00:00+02:00
687;Precio de pago desvíos a bajar;;;0.36;2024-05-11T13:00:00+02:00
687;Precio de pago desvíos a bajar;;;0.37;2024-05-11T14:00:00+02:00
687;Precio de pago desvíos a bajar;;;0.42;2024-05-11T15:00:00+02:00
687;Precio de pago desvíos a bajar;;;0.44;2024-05-11T16:00:00+02:00
687;Precio de pago desvíos a bajar;;;-26.11;2024-05-11T17:00:00+02:00
687;Precio de pago desvíos a bajar;;;0.47;2024-05-11T18:00:00+02:00
687;Precio de pago desvíos a bajar;;;66.55;2024-05-11T19:00:00+02:00
687;Precio de pago desvíos a bajar;;;43.53;2024-05-11T20:00:00+02:00
687;Precio de pago desvíos a bajar;;;67.54;2024-05-11T21:00:00+02:00
687;Precio de pago desvíos a bajar;;;66.14;2024-05-11T22:00:00+02:00
687;Precio de pago desvíos a bajar;;;47.91;2024-05-11T23:00:00+02:00
687;Precio de pago desvíos a bajar;;;63.1;2024-05-12T00:00:00+02:00
687;Precio de pago desvíos a bajar;;;60.39;2024-05-12T01:00:00+02:00
687;Precio de pago desvíos a bajar;;;64.95;2024-05-12T02:00:00+02:00
687;Precio de pago desvíos a bajar;;;60.31;2024-05-12T03:00:00+02:00
687;Precio de pago desvíos a bajar;;;57.72;2024-05-12T04:00:00+02:00
687;Precio de pago desvíos a bajar;;;63.57;2024-05-12T05:00:00+02:00
687;Precio de pago desvíos a bajar;;;55.32;2024-05-12T06:00:00+02:00
687;Precio de pago desvíos a bajar;;;66.99;2024-05-12T07:00:00+02:00
687;Precio de pago desvíos a bajar;;;67.58;2024-05-12T08:00:00+02:00
687;Precio de pago desvíos a bajar;;;0.35;2024-05-12T09:00:00+02:00
687;Precio de pago desvíos a bajar;;;0.43;2024-05-12T10:00:00+02:00
687;Precio de pago desvíos a bajar;;;-29.24;2024-05-12T11:00:00+02:00
687;Precio de pago desvíos a bajar;;;0.2;2024-05-12T12:00:00+02:00
687;Precio de pago desvíos a bajar;;;0.42;2024-05-12T13:00:00+02:00
687;Precio de pago desvíos a bajar;;;0.44;2024-05-12T14:00:00+02:00
687;Precio de pago desvíos a bajar;;;4.42;2024-05-12T15:00:00+02:00
687;Precio de pago desvíos a bajar;;;1.14;2024-05-12T16:00:00+02:00
687;Precio de pago desvíos a bajar;;;19.53;2024-05-12T17:00:00+02:00
687;Precio de pago desvíos a bajar;;;60.3;2024-05-12T18:00:00+02:00
687;Precio de pago desvíos a bajar;;;73.5;2024-05-12T19:00:00+02:00
687;Precio de pago desvíos a bajar;;;73.75;2024-05-12T20:00:00+02:00
687;Precio de pago desvíos a bajar;;;67.15;2024-05-12T21:00:00+02:00
687;Precio de pago desvíos a bajar;;;78.01;2024-05-12T22:00:00+02:00
687;Precio de pago desvíos a bajar;;;72.45;2024-05-12T23:00:00+02:00
687;Precio de pago desvíos a bajar;;;57.24;2024-05-13T00:00:00+02:00
687;Precio de pago desvíos a bajar;;;60.9;2024-05-13T01:00:00+02:00
687;Precio de pago desvíos a bajar;;;54.2;2024-05-13T02:00:00+02:00
687;Precio de pago desvíos a bajar;;;56.86;2024-05-13T03:00:00+02:00
687;Precio de pago desvíos a bajar;;;58.78;2024-05-13T04:00:00+02:00
687;Precio de pago desvíos a bajar;;;59.42;2024-05-13T05:00:00+02:00
687;Precio de pago desvíos a bajar;;;61.65;2024-05-13T06:00:00+02:00
687;Precio de pago desvíos a bajar;;;77.76;2024-05-13T07:00:00+02:00
687;Precio de pago desvíos a bajar;;;79.72;2024-05-13T08:00:00+02:00
687;Precio de pago desvíos a bajar;;;70.63;2024-05-13T09:00:00+02:00
687;Precio de pago desvíos a bajar;;;48.7;2024-05-13T10:00:00+02:00
687;Precio de pago desvíos a bajar;;;1.44;2024-05-13T11:00:00+02:00
687;Precio de pago desvíos a bajar;;;1.76;2024-05-13T12:00:00+02:00
687;Precio de pago desvíos a bajar;;;2.47;2024-05-13T13:00:00+02:00
687;Precio de pago desvíos a bajar;;;0.44;2024-05-13T14:00:00+02:00
687;Precio de pago desvíos a bajar;;;1.72;2024-05-13T15:00:00+02:00
687;Precio de pago desvíos a bajar;;;2.75;2024-05-13T16:00:00+02:00
687;Precio de pago desvíos a bajar;;;18.14;2024-05-13T17:00:00+02:00
687;Precio de pago desvíos a bajar;;;56.47;2024-05-13T18:00:00+02:00
687;Precio de pago desvíos a bajar;;;56.12;2024-05-13T19:00:00+02:00
687;Precio de pago desvíos a bajar;;;69.11;2024-05-13T20:00:00+02:00
687;Precio de pago desvíos a bajar;;;17.64;2024-05-13T21:00:00+02:00
687;Precio de pago desvíos a bajar;;;65.61;2024-05-13T22:00:00+02:00
687;Precio de pago desvíos a bajar;;;59.34;2024-05-13T23:00:00+02:00
687;Precio de pago desvíos a bajar;;;7.3;2024-05-14T00:00:00+02:00
687;Precio de pago desvíos a bajar;;;5.24;2024-05-14T01:00:00+02:00
687;Precio de pago desvíos a bajar;;;4.96;2024-05-14T02:00:00+02:00
687;Precio de pago desvíos a bajar;;;4.93;2024-05-14T03:00:00+02:00
687;Precio de pago desvíos a bajar;;;3.62;2024-05-14T04:00:00+02:00
687;Precio de pago desvíos a bajar;;;4.49;2024-05-14T05:00:00+02:00
687;Precio de pago desvíos a bajar;;;38.9;2024-05-14T06:00:00+02:00
687;Precio de pago desvíos a bajar;;;22.05;2024-05-14T07:00:00+02:00
687;Precio de pago desvíos a bajar;;;38.97;2024-05-14T08:00:00+02:00
687;Precio de pago desvíos a bajar;;;31.62;2024-05-14T09:00:00+02:00
687;Precio de pago desvíos a bajar;;;15.17;2024-05-14T10:00:00+02:00
687;Precio de pago desvíos a bajar;;;3.25;2024-05-14T11:00:00+02:00
687;Precio de pago desvíos a bajar;;;3.25;2024-05-14T12:00:00+02:00
687;Precio de pago desvíos a bajar;;;1.12;2024-05-14T13:00:00+02:00
687;Precio de pago desvíos a bajar;;;0.44;2024-05-14T14:00:00+02:00
687;Precio de pago desvíos a bajar;;;0.45;2024-05-14T15:00:00+02:00
687;Precio de pago desvíos a bajar;;;0.81;2024-05-14T16:00:00+02:00
687;Precio de pago desvíos a bajar;;;2.67;2024-05-14T17:00:00+02:00
687;Precio de pago desvíos a bajar;;;3.06;2024-05-14T18:00:00+02:00
687;Precio de pago desvíos a bajar;;;29.6;2024-05-14T19:00:00+02:00
687;Precio de pago desvíos a bajar;;;42.08;2024-05-14T20:00:00+02:00
687;Precio de pago desvíos a bajar;;;39.81;2024-05-14T21:00:00+02:00
687;Precio de pago desvíos a bajar;;;34.13;2024-05-14T22:00:00+02:00
687;Precio de pago desvíos a bajar;;;30.82;2024-05-14T23:00:00+02:00
687;Precio de pago desvíos a bajar;;;58.2;2024-05-15T00:00:00+02:00
687;Precio de pago desvíos a bajar;;;34.57;2024-05-15T01:00:00+02:00
687;Precio de pago desvíos a bajar;;;38.12;2024-05-15T02:00:00+02:00
687;Precio de pago desvíos a bajar;;;18.74;2024-05-15T03:00:00+02:00
687;Precio de pago desvíos a bajar;;;21.11;2024-05-15T04:00:00+02:00
687;Precio de pago desvíos a bajar;;;26.2;2024-05-15T05:00:00+02:00
687;Precio de pago desvíos a bajar;;;63.31;2024-05-15T06:00:00+02:00
687;Precio de pago desvíos a bajar;;;65.78;2024-05-15T07:00:00+02:00
687;Precio de pago desvíos a bajar;;;75.4;2024-05-15T08:00:00+02:00
687;Precio de pago desvíos a bajar;;;33.28;2024-05-15T09:00:00+02:00
687;Precio de pago desvíos a bajar;;;15.58;2024-05-15T10:00:00+02:00
687;Precio de pago desvíos a bajar;;;14.85;2024-05-15T11:00:00+02:00
687;Precio de pago desvíos a bajar;;;38.42;2024-05-15T12:00:00+02:00
687;Precio de pago desvíos a bajar;;;41.59;2024-05-15T13:00:00+02:00
687;Precio de pago desvíos a bajar;;;3.26;2024-05-15T14:00:00+02:00
687;Precio de pago desvíos a bajar;;;2.99;2024-05-15T15:00:00+02:00
687;Precio de pago desvíos a bajar;;;3.25;2024-05-15T16:00:00+02:00
687;Precio de pago desvíos a bajar;;;3.17;2024-05-15T17:00:00+02:00
687;Precio de pago desvíos a bajar;;;2.97;2024-05-15T18:00:00+02:00
687;Precio de pago desvíos a bajar;;;34.32;2024-05-15T19:00:00+02:00
687;Precio de pago desvíos a bajar;;;72.16;2024-05-15T20:00:00+02:00
687;Precio de pago desvíos a bajar;;;74.94;2024-05-15T21:00:00+02:00
687;Precio de pago desvíos a bajar;;;80.95;2024-05-15T22:00:00+02:00
687;Precio de pago desvíos a bajar;;;91.68;2024-05-15T23:00:00+02:00
687;Precio de pago desvíos a bajar;;;81.34;2024-05-16T00:00:00+02:00
687;Precio de pago desvíos a bajar;;;63.56;2024-05-16T01:00:00+02:00
687;Precio de pago desvíos a bajar;;;35.32;2024-05-16T02:00:00+02:00
687;Precio de pago desvíos a bajar;;;46.59;2024-05-16T03:00:00+02:00
687;Precio de pago desvíos a bajar;;;39.06;2024-05-16T04:00:00+02:00
687;Precio de pago desvíos a bajar;;;41.36;2024-05-16T05:00:00+02:00
687;Precio de pago desvíos a bajar;;;57.01;2024-05-16T06:00:00+02:00
687;Precio de pago desvíos a bajar;;;72.81;2024-05-16T07:00:00+02:00
687;Precio de pago desvíos a bajar;;;67.53;2024-05-16T08:00:00+02:00
687;Precio de pago desvíos a bajar;;;73.59;2024-05-16T09:00:00+02:00
687;Precio de pago desvíos a bajar;;;30.57;2024-05-16T10:00:00+02:00
687;Precio de pago desvíos a bajar;;;31.31;2024-05-16T11:00:00+02:00
687;Precio de pago desvíos a bajar;;;52.19;2024-05-16T12:00:00+02:00
687;Precio de pago desvíos a bajar;;;58.88;2024-05-16T13:00:00+02:00
687;Precio de pago desvíos a bajar;;;48.37;2024-05-16T14:00:00+02:00
687;Precio de pago desvíos a bajar;;;49.91;2024-05-16T15:00:00+02:00
687;Precio de pago desvíos a bajar;;;55;2024-05-16T16:00:00+02:00
687;Precio de pago desvíos a bajar;;;58.56;2024-05-16T17:00:00+02:00
687;Precio de pago desvíos a bajar;;;73.66;2024-05-16T18:00:00+02:00
687;Precio de pago desvíos a bajar;;;88.91;2024-05-16T19:00:00+02:00
687;Precio de pago desvíos a bajar;;;147.78;2024-05-16T20:00:00+02:00
687;Precio de pago desvíos a bajar;;;122.09;2024-05-16T21:00:00+02:00
687;Precio de pago desvíos a bajar;;;94.85;2024-05-16T22:00:00+02:00
687;Precio de pago desvíos a bajar;;;189.09;2024-05-16T23:00:00+02:00
687;Precio de pago desvíos a bajar;;;115.69;2024-05-17T00:00:00+02:00
687;Precio de pago desvíos a bajar;;;104.15;2024-05-17T01:00:00+02:00
687;Precio de pago desvíos a bajar;;;109.39;2024-05-17T02:00:00+02:00
687;Precio de pago desvíos a bajar;;;102.29;2024-05-17T03:00:00+02:00
687;Precio de pago desvíos a bajar;;;95.48;2024-05-17T04:00:00+02:00
687;Precio de pago desvíos a bajar;;;105.3;2024-05-17T05:00:00+02:00
687;Precio de pago desvíos a bajar;;;82.59;2024-05-17T06:00:00+02:00
687;Precio de pago desvíos a bajar;;;78.25;2024-05-17T07:00:00+02:00
687;Precio de pago desvíos a bajar;;;85.14;2024-05-17T08:00:00+02:00
687;Precio de pago desvíos a bajar;;;81.58;2024-05-17T09:00:00+02:00
687;Precio de pago desvíos a bajar;;;109.27;2024-05-17T10:00:00+02:00
687;Precio de pago desvíos a bajar;;;114.01;2024-05-17T11:00:00+02:00
687;Precio de pago desvíos a bajar;;;96.47;2024-05-17T12:00:00+02:00
687;Precio de pago desvíos a bajar;;;95.06;2024-05-17T13:00:00+02:00
687;Precio de pago desvíos a bajar;;;79.03;2024-05-17T14:00:00+02:00
687;Precio de pago desvíos a bajar;;;71.04;2024-05-17T15:00:00+02:00
687;Precio de pago desvíos a bajar;;;81.32;2024-05-17T16:00:00+02:00
687;Precio de pago desvíos a bajar;;;73.76;2024-05-17T17:00:00+02:00
687;Precio de pago desvíos a bajar;;;81.69;2024-05-17T18:00:00+02:00
687;Precio de pago desvíos a bajar;;;78.99;2024-05-17T19:00:00+02:00
687;Precio de pago desvíos a bajar;;;69.16;2024-05-17T20:00:00+02:00
687;Precio de pago desvíos a bajar;;;76.63;2024-05-17T21:00:00+02:00
687;Precio de pago desvíos a bajar;;;80.21;2024-05-17T22:00:00+02:00
687;Precio de pago desvíos a bajar;;;78.91;2024-05-17T23:00:00+02:00
687;Precio de pago desvíos a bajar;;;75.5;2024-05-18T00:00:00+02:00
687;Precio de pago desvíos a bajar;;;86.4;2024-05-18T01:00:00+02:00
687;Precio de pago desvíos a bajar;;;81.89;2024-05-18T02:00:00+02:00
687;Precio de pago desvíos a bajar;;;62.63;2024-05-18T03:00:00+02:00
687;Precio de pago desvíos a bajar;;;78.47;2024-05-18T04:00:00+02:00
687;Precio de pago desvíos a bajar;;;78.42;2024-05-18T05:00:00+02:00
687;Precio de pago desvíos a bajar;;;74.94;2024-05-18T06:00:00+02:00
687;Precio de pago desvíos a bajar;;;72.75;2024-05-18T07:00:00+02:00
687;Precio de pago desvíos a bajar;;;82.06;2024-05-18T08:00:00+02:00
687;Precio de pago desvíos a bajar;;;78.69;2024-05-18T09:00:00+02:00
687;Precio de pago desvíos a bajar;;;62.39;2024-05-18T10:00:00+02:00
687;Precio de pago desvíos a bajar;;;70.18;2024-05-18T11:00:00+02:00
687;Precio de pago desvíos a bajar;;;52.94;2024-05-18T12:00:00+02:00
687;Precio de pago desvíos a bajar;;;0.44;2024-05-18T13:00:00+02:00
687;Precio de pago desvíos a bajar;;;1.66;2024-05-18T14:00:00+02:00
687;Precio de pago desvíos a bajar;;;7.86;2024-05-18T15:00:00+02:00
687;Precio de pago desvíos a bajar;;;0.44;2024-05-18T16:00:00+02:00
687;Precio de pago desvíos a bajar;;;52.49;2024-05-18T17:00:00+02:00
687;Precio de pago desvíos a bajar;;;31.71;2024-05-18T18:00:00+02:00
687;Precio de pago desvíos a bajar;;;55.77;2024-05-18T19:00:00+02:00
687;Precio de pago desvíos a bajar;;;75.14;2024-05-18T20:00:00+02:00
687;Precio de pago desvíos a bajar;;;84.68;2024-05-18T21:00:00+02:00
687;Precio de pago desvíos a bajar;;;85.4;2024-05-18T22:00:00+02:00
687;Precio de pago desvíos a bajar;;;84.61;2024-05-18T23:00:00+02:00
687;Precio de pago desvíos a bajar;;;78.36;2024-05-19T00:00:00+02:00
687;Precio de pago desvíos a bajar;;;71.78;2024-05-19T01:00:00+02:00
687;Precio de pago desvíos a bajar;;;66.37;2024-05-19T02:00:00+02:00
687;Precio de pago desvíos a bajar;;;63.03;2024-05-19T03:00:00+02:00
687;Precio de pago desvíos a bajar;;;63.21;2024-05-19T04:00:00+02:00
687;Precio de pago desvíos a bajar;;;66.82;2024-05-19T05:00:00+02:00
687;Precio de pago desvíos a bajar;;;70.86;2024-05-19T06:00:00+02:00
687;Precio de pago desvíos a bajar;;;76.86;2024-05-19T07:00:00+02:00
687;Precio de pago desvíos a bajar;;;76.74;2024-05-19T08:00:00+02:00
687;Precio de pago desvíos a bajar;;;54.04;2024-05-19T09:00:00+02:00
687;Precio de pago desvíos a bajar;;;12.58;2024-05-19T10:00:00+02:00
687;Precio de pago desvíos a bajar;;;0.44;2024-05-19T11:00:00+02:00
687;Precio de pago desvíos a bajar;;;8.94;2024-05-19T12:00:00+02:00
687;Precio de pago desvíos a bajar;;;0.44;2024-05-19T13:00:00+02:00
687;Precio de pago desvíos a bajar;;;1.2;2024-05-19T14:00:00+02:00
687;Precio de pago desvíos a bajar;;;2.55;2024-05-19T15:00:00+02:00
687;Precio de pago desvíos a bajar;;;0.44;2024-05-19T16:00:00+02:00
687;Precio de pago desvíos a bajar;;;55.86;2024-05-19T17:00:00+02:00
687;Precio de pago desvíos a bajar;;;60.34;2024-05-19T18:00:00+02:00
687;Precio de pago desvíos a bajar;;;81.31;2024-05-19T19:00:00+02:00
687;Precio de pago desvíos a bajar;;;66.08;2024-05-19T20:00:00+02:00
687;Precio de pago desvíos a bajar;;;80.11;2024-05-19T21:00:00+02:00
687;Precio de pago desvíos a bajar;;;87.34;2024-05-19T22:00:00+02:00
687;Precio de pago desvíos a bajar;;;81.2;2024-05-19T23:00:00+02:00
687;Precio de pago desvíos a bajar;;;63.88;2024-05-20T00:00:00+02:00
687;Precio de pago desvíos a bajar;;;63.63;2024-05-20T01:00:00+02:00
687;Precio de pago desvíos a bajar;;;63.03;2024-05-20T02:00:00+02:00
687;Precio de pago desvíos a bajar;;;63.67;2024-05-20T03:00:00+02:00
687;Precio de pago desvíos a bajar;;;67.52;2024-05-20T04:00:00+02:00
687;Precio de pago desvíos a bajar;;;69.66;2024-05-20T05:00:00+02:00
687;Precio de pago desvíos a bajar;;;77.12;2024-05-20T06:00:00+02:00
687;Precio de pago desvíos a bajar;;;80.08;2024-05-20T07:00:00+02:00
687;Precio de pago desvíos a bajar;;;76.77;2024-05-20T08:00:00+02:00
687;Precio de pago desvíos a bajar;;;70.41;2024-05-20T09:00:00+02:00
687;Precio de pago desvíos a bajar;;;61.48;2024-05-20T10:00:00+02:00
687;Precio de pago desvíos a bajar;;;34.81;2024-05-20T11:00:00+02:00
687;Precio de pago desvíos a bajar;;;50.57;2024-05-20T12:00:00+02:00
687;Precio de pago desvíos a bajar;;;55.33;2024-05-20T13:00:00+02:00
687;Precio de pago desvíos a bajar;;;48.26;2024-05-20T14:00:00+02:00
687;Precio de pago desvíos a bajar;;;51.12;2024-05-20T15:00:00+02:00
687;Precio de pago desvíos a bajar;;;67.69;2024-05-20T16:00:00+02:00
687;Precio de pago desvíos a bajar;;;60.8;2024-05-20T17:00:00+02:00
687;Precio de pago desvíos a bajar;;;64.48;2024-05-20T18:00:00+02:00
687;Precio de pago desvíos a bajar;;;53.84;2024-05-20T19:00:00+02:00
687;Precio de pago desvíos a bajar;;;73.85;2024-05-20T20:00:00+02:00
687;Precio de pago desvíos a bajar;;;79.6;2024-05-20T21:00:00+02:00
687;Precio de pago desvíos a bajar;;;79.9;2024-05-20T22:00:00+02:00
687;Precio de pago desvíos a bajar;;;86.62;2024-05-20T23:00:00+02:00
687;Precio de pago desvíos a bajar;;;94.71;2024-05-21T00:00:00+02:00
687;Precio de pago desvíos a bajar;;;80.54;2024-05-21T01:00:00+02:00
687;Precio de pago desvíos a bajar;;;76.77;2024-05-21T02:00:00+02:00
687;Precio de pago desvíos a bajar;;;81.7;2024-05-21T03:00:00+02:00
687;Precio de pago desvíos a bajar;;;81.51;2024-05-21T04:00:00+02:00
687;Precio de pago desvíos a bajar;;;79.95;2024-05-21T05:00:00+02:00
687;Precio de pago desvíos a bajar;;;69.71;2024-05-21T06:00:00+02:00
687;Precio de pago desvíos a bajar;;;80.19;2024-05-21T07:00:00+02:00
687;Precio de pago desvíos a bajar;;;87;2024-05-21T08:00:00+02:00
687;Precio de pago desvíos a bajar;;;93.61;2024-05-21T09:00:00+02:00
687;Precio de pago desvíos a bajar;;;86.5;2024-05-21T10:00:00+02:00
687;Precio de pago desvíos a bajar;;;77.82;2024-05-21T11:00:00+02:00
687;Precio de pago desvíos a bajar;;;73.02;2024-05-21T12:00:00+02:00
687;Precio de pago desvíos a bajar;;;75.17;2024-05-21T13:00:00+02:00
687;Precio de pago desvíos a bajar;;;71.86;2024-05-21T14:00:00+02:00
687;Precio de pago desvíos a bajar;;;75.08;2024-05-21T15:00:00+02:00
687;Precio de pago desvíos a bajar;;;70.34;2024-05-21T16:00:00+02:00
687;Precio de pago desvíos a bajar;;;83.45;2024-05-21T17:00:00+02:00
687;Precio de pago desvíos a bajar;;;92.35;2024-05-21T18:00:00+02:00
687;Precio de pago desvíos a bajar;;;80.74;2024-05-21T19:00:00+02:00
687;Precio de pago desvíos a bajar;;;84.79;2024-05-21T20:00:00+02:00
687;Precio de pago desvíos a bajar;;;81.48;2024-05-21T21:00:00+02:00
687;Precio de pago desvíos a bajar;;;81.69;2024-05-21T22:00:00+02:00
687;Precio de pago desvíos a bajar;;;78.32;2024-05-21T23:00:00+02:00
687;Precio de pago desvíos a bajar;;;82.02;2024-05-22T00:00:00+02:00
687;Precio de pago desvíos a bajar;;;81.91;2024-05-22T01:00:00+02:00
687;Precio de pago desvíos a bajar;;;81.69;2024-05-22T02:00:00+02:00
687;Precio de pago desvíos a bajar;;;81.84;2024-05-22T03:00:00+02:00
687;Precio de pago desvíos a bajar;;;81.19;2024-05-22T04:00:00+02:00
687;Precio de pago desvíos a bajar;;;83.06;2024-05-22T05:00:00+02:00
687;Precio de pago desvíos a bajar;;;82.3;2024-05-22T06:00:00+02:00
687;Precio de pago desvíos a bajar;;;81.47;2024-05-22T07:00:00+02:00
687;Precio de pago desvíos a bajar;;;77.64;2024-05-22T08:00:00+02:00
687;Precio de pago desvíos a bajar;;;64.75;2024-05-22T09:00:00+02:00
687;Precio de pago desvíos a bajar;;;26.83;2024-05-22T10:00:00+02:00
687;Precio de pago desvíos a bajar;;;27.34;2024-05-22T11:00:00+02:00
687;Precio de pago desvíos a bajar;;;65.52;2024-05-22T12:00:00+02:00
687;Precio de pago desvíos a bajar;;;71;2024-05-22T13:00:00+02:00
687;Precio de pago desvíos a bajar;;;63.34;2024-05-22T14:00:00+02:00
687;Precio de pago desvíos a bajar;;;46.49;2024-05-22T15:00:00+02:00
687;Precio de pago desvíos a bajar;;;61.22;2024-05-22T16:00:00+02:00
687;Precio de pago desvíos a bajar;;;69.72;2024-05-22T17:00:00+02:00
687;Precio de pago desvíos a bajar;;;83.05;2024-05-22T18:00:00+02:00
687;Precio de pago desvíos a bajar;;;85.32;2024-05-22T19:00:00+02:00
687;Precio de pago desvíos a bajar;;;85.47;2024-05-22T20:00:00+02:00
687;Precio de pago desvíos a bajar;;;82.36;2024-05-22T21:00:00+02:00
687;Precio de pago desvíos a bajar;;;78.76;2024-05-22T22:00:00+02:00
687;Precio de pago desvíos a bajar;;;57.44;2024-05-22T23:00:00+02:00
687;Precio de pago desvíos a bajar;;;89.94;2024-05-23T00:00:00+02:00
687;Precio de pago desvíos a bajar;;;79.33;2024-05-23T01:00:00+02:00
687;Precio de pago desvíos a bajar;;;73.69;2024-05-23T02:00:00+02:00
687;Precio de pago desvíos a bajar;;;78.38;2024-05-23T03:00:00+02:00
687;Precio de pago desvíos a bajar;;;79.37;2024-05-23T04:00:00+02:00
687;Precio de pago desvíos a bajar;;;74.57;2024-05-23T05:00:00+02:00
687;Precio de pago desvíos a bajar;;;71.97;2024-05-23T06:00:00+02:00
687;Precio de pago desvíos a bajar;;;81.21;2024-05-23T07:00:00+02:00
687;Precio de pago desvíos a bajar;;;83.54;2024-05-23T08:00:00+02:00
687;Precio de pago desvíos a bajar;;;84.54;2024-05-23T09:00:00+02:00
687;Precio de pago desvíos a bajar;;;76.86;2024-05-23T10:00:00+02:00
687;Precio de pago desvíos a bajar;;;75.21;2024-05-23T11:00:00+02:00
687;Precio de pago desvíos a bajar;;;77.34;2024-05-23T12:00:00+02:00
687;Precio de pago desvíos a bajar;;;71.4;2024-05-23T13:00:00+02:00
687;Precio de pago desvíos a bajar;;;37.92;2024-05-23T14:00:00+02:00
687;Precio de pago desvíos a bajar;;;26.1;2024-05-23T15:00:00+02:00
687;Precio de pago desvíos a bajar;;;44.23;2024-05-23T16:00:00+02:00
687;Precio de pago desvíos a bajar;;;74.12;2024-05-23T17:00:00+02:00
687;Precio de pago desvíos a bajar;;;78.84;2024-05-23T18:00:00+02:00
687;Precio de pago desvíos a bajar;;;78.9;2024-05-23T19:00:00+02:00
687;Precio de pago desvíos a bajar;;;74.97;2024-05-23T20:00:00+02:00
687;Precio de pago desvíos a bajar;;;85.62;2024-05-23T21:00:00+02:00
687;Precio de pago desvíos a bajar;;;81.21;2024-05-23T22:00:00+02:00
687;Precio de pago desvíos a bajar;;;84.2;2024-05-23T23:00:00+02:00
687;Precio de pago desvíos a bajar;;;87.78;2024-05-24T00:00:00+02:00
687;Precio de pago desvíos a bajar;;;84.1;2024-05-24T01:00:00+02:00
687;Precio de pago desvíos a bajar;;;0.01;2024-05-24T02:00:00+02:00
687;Precio de pago desvíos a bajar;;;82.58;2024-05-24T03:00:00+02:00
687;Precio de pago desvíos a bajar;;;84.39;2024-05-24T04:00:00+02:00
687;Precio de pago desvíos a bajar;;;87.73;2024-05-24T05:00:00+02:00
687;Precio de pago desvíos a bajar;;;76.98;2024-05-24T06:00:00+02:00
687;Precio de pago desvíos a bajar;;;90.12;2024-05-24T07:00:00+02:00
687;Precio de pago desvíos a bajar;;;84.67;2024-05-24T08:00:00+02:00
687;Precio de pago desvíos a bajar;;;83.64;2024-05-24T09:00:00+02:00
687;Precio de pago desvíos a bajar;;;77.66;2024-05-24T10:00:00+02:00
687;Precio de pago desvíos a bajar;;;85.01;2024-05-24T11:00:00+02:00
687;Precio de pago desvíos a bajar;;;87.19;2024-05-24T12:00:00+02:00
687;Precio de pago desvíos a bajar;;;86.29;2024-05-24T13:00:00+02:00
687;Precio de pago desvíos a bajar;;;81.9;2024-05-24T14:00:00+02:00
687;Precio de pago desvíos a bajar;;;66.48;2024-05-24T15:00:00+02:00
687;Precio de pago desvíos a bajar;;;79.95;2024-05-24T16:00:00+02:00
687;Precio de pago desvíos a bajar;;;75.54;2024-05-24T17:00:00+02:00
687;Precio de pago desvíos a bajar;;;83.72;2024-05-24T18:00:00+02:00
687;Precio de pago desvíos a bajar;;;88.74;2024-05-24T19:00:00+02:00
687;Precio de pago desvíos a bajar;;;89.69;2024-05-24T20:00:00+02:00
687;Precio de pago desvíos a bajar;;;106.35;2024-05-24T21:00:00+02:00
687;Precio de pago desvíos a bajar;;;106.58;2024-05-24T22:00:00+02:00
687;Precio de pago desvíos a bajar;;;98.54;2024-05-24T23:00:00+02:00
687;Precio de pago desvíos a bajar;;;99.6;2024-05-25T00:00:00+02:00
687;Precio de pago desvíos a bajar;;;96.31;2024-05-25T01:00:00+02:00
687;Precio de pago desvíos a bajar;;;80.39;2024-05-25T02:00:00+02:00
687;Precio de pago desvíos a bajar;;;72.02;2024-05-25T03:00:00+02:00
687;Precio de pago desvíos a bajar;;;71.01;2024-05-25T04:00:00+02:00
687;Precio de pago desvíos a bajar;;;70.01;2024-05-25T05:00:00+02:00
687;Precio de pago desvíos a bajar;;;71.33;2024-05-25T06:00:00+02:00
687;Precio de pago desvíos a bajar;;;72.55;2024-05-25T07:00:00+02:00
687;Precio de pago desvíos a bajar;;;72.77;2024-05-25T08:00:00+02:00
687;Precio de pago desvíos a bajar;;;74.52;2024-05-25T09:00:00+02:00
687;Precio de pago desvíos a bajar;;;54.65;2024-05-25T10:00:00+02:00
687;Precio de pago desvíos a bajar;;;41.5;2024-05-25T11:00:00+02:00
687;Precio de pago desvíos a bajar;;;3.25;2024-05-25T12:00:00+02:00
687;Precio de pago desvíos a bajar;;;0.44;2024-05-25T13:00:00+02:00
687;Precio de pago desvíos a bajar;;;0.44;2024-05-25T14:00:00+02:00
687;Precio de pago desvíos a bajar;;;0.41;2024-05-25T15:00:00+02:00
687;Precio de pago desvíos a bajar;;;0.38;2024-05-25T16:00:00+02:00
687;Precio de pago desvíos a bajar;;;0.39;2024-05-25T17:00:00+02:00
687;Precio de pago desvíos a bajar;;;10.71;2024-05-25T18:00:00+02:00
687;Precio de pago desvíos a bajar;;;86.51;2024-05-25T19:00:00+02:00
687;Precio de pago desvíos a bajar;;;82.79;2024-05-25T20:00:00+02:00
687;Precio de pago desvíos a bajar;;;87.99;2024-05-25T21:00:00+02:00
687;Precio de pago desvíos a bajar;;;88.76;2024-05-25T22:00:00+02:00
687;Precio de pago desvíos a bajar;;;87.36;2024-05-25T23:00:00+02:00
687;Precio de pago desvíos a bajar;;;82.07;2024-05-26T00:00:00+02:00
687;Precio de pago desvíos a bajar;;;53.3;2024-05-26T01:00:00+02:00
687;Precio de pago desvíos a bajar;;;44.45;2024-05-26T02:00:00+02:00
687;Precio de pago desvíos a bajar;;;2.95;2024-05-26T03:00:00+02:00
687;Precio de pago desvíos a bajar;;;50.05;2024-05-26T04:00:00+02:00
687;Precio de pago desvíos a bajar;;;67.82;2024-05-26T05:00:00+02:00
687;Precio de pago desvíos a bajar;;;61.04;2024-05-26T06:00:00+02:00
687;Precio de pago desvíos a bajar;;;55.25;2024-05-26T07:00:00+02:00
687;Precio de pago desvíos a bajar;;;37.97;2024-05-26T08:00:00+02:00
687;Precio de pago desvíos a bajar;;;47.31;2024-05-26T09:00:00+02:00
687;Precio de pago desvíos a bajar;;;22.35;2024-05-26T10:00:00+02:00
687;Precio de pago desvíos a bajar;;;0.44;2024-05-26T11:00:00+02:00
687;Precio de pago desvíos a bajar;;;0.38;2024-05-26T12:00:00+02:00
687;Precio de pago desvíos a bajar;;;0.43;2024-05-26T13:00:00+02:00
687;Precio de pago desvíos a bajar;;;0.44;2024-05-26T14:00:00+02:00
687;Precio de pago desvíos a bajar;;;0.4;2024-05-26T15:00:00+02:00
687;Precio de pago desvíos a bajar;;;0.32;2024-05-26T16:00:00+02:00
687;Precio de pago desvíos a bajar;;;0.33;2024-05-26T17:00:00+02:00
687;Precio de pago desvíos a bajar;;;1.81;2024-05-26T18:00:00+02:00
687;Precio de pago desvíos a bajar;;;50.83;2024-05-26T19:00:00+02:00
687;Precio de pago desvíos a bajar;;;67.15;2024-05-26T20:00:00+02:00
687;Precio de pago desvíos a bajar;;;83.82;2024-05-26T21:00:00+02:00
687;Precio de pago desvíos a bajar;;;84.15;2024-05-26T22:00:00+02:00
687;Precio de pago desvíos a bajar;;;78.49;2024-05-26T23:00:00+02:00
687;Precio de pago desvíos a bajar;;;38.07;2024-05-27T00:00:00+02:00
687;Precio de pago desvíos a bajar;;;50.45;2024-05-27T01:00:00+02:00
687;Precio de pago desvíos a bajar;;;55.22;2024-05-27T02:00:00+02:00
687;Precio de pago desvíos a bajar;;;61.72;2024-05-27T03:00:00+02:00
687;Precio de pago desvíos a bajar;;;55.34;2024-05-27T04:00:00+02:00
687;Precio de pago desvíos a bajar;;;59.1;2024-05-27T05:00:00+02:00
687;Precio de pago desvíos a bajar;;;69.42;2024-05-27T06:00:00+02:00
687;Precio de pago desvíos a bajar;;;89.45;2024-05-27T07:00:00+02:00
687;Precio de pago desvíos a bajar;;;90.19;2024-05-27T08:00:00+02:00
687;Precio de pago desvíos a bajar;;;45.24;2024-05-27T09:00:00+02:00
687;Precio de pago desvíos a bajar;;;38.75;2024-05-27T10:00:00+02:00
687;Precio de pago desvíos a bajar;;;26.08;2024-05-27T11:00:00+02:00
687;Precio de pago desvíos a bajar;;;30.6;2024-05-27T12:00:00+02:00
687;Precio de pago desvíos a bajar;;;25;2024-05-27T13:00:00+02:00
687;Precio de pago desvíos a bajar;;;27.85;2024-05-27T14:00:00+02:00
687;Precio de pago desvíos a bajar;;;14.33;2024-05-27T15:00:00+02:00
687;Precio de pago desvíos a bajar;;;58.56;2024-05-27T16:00:00+02:00
687;Precio de pago desvíos a bajar;;;23.7;2024-05-27T17:00:00+02:00
687;Precio de pago desvíos a bajar;;;42.32;2024-05-27T18:00:00+02:00
687;Precio de pago desvíos a bajar;;;69;2024-05-27T19:00:00+02:00
687;Precio de pago desvíos a bajar;;;86.35;2024-05-27T20:00:00+02:00
687;Precio de pago desvíos a bajar;;;91.99;2024-05-27T21:00:00+02:00
687;Precio de pago desvíos a bajar;;;94.46;2024-05-27T22:00:00+02:00
687;Precio de pago desvíos a bajar;;;89.3;2024-05-27T23:00:00+02:00
687;Precio de pago desvíos a bajar;;;73.01;2024-05-28T00:00:00+02:00
687;Precio de pago desvíos a bajar;;;62.92;2024-05-28T01:00:00+02:00
687;Precio de pago desvíos a bajar;;;60.94;2024-05-28T02:00:00+02:00
687;Precio de pago desvíos a bajar;;;42.02;2024-05-28T03:00:00+02:00
687;Precio de pago desvíos a bajar;;;53.45;2024-05-28T04:00:00+02:00
687;Precio de pago desvíos a bajar;;;72.26;2024-05-28T05:00:00+02:00
687;Precio de pago desvíos a bajar;;;80.42;2024-05-28T06:00:00+02:00
687;Precio de pago desvíos a bajar;;;76;2024-05-28T07:00:00+02:00
687;Precio de pago desvíos a bajar;;;86.6;2024-05-28T08:00:00+02:00
687;Precio de pago desvíos a bajar;;;63.14;2024-05-28T09:00:00+02:00
687;Precio de pago desvíos a bajar;;;51.22;2024-05-28T10:00:00+02:00
687;Precio de pago desvíos a bajar;;;42.2;2024-05-28T11:00:00+02:00
687;Precio de pago desvíos a bajar;;;10.38;2024-05-28T12:00:00+02:00
687;Precio de pago desvíos a bajar;;;14.55;2024-05-28T13:00:00+02:00
687;Precio de pago desvíos a bajar;;;18.06;2024-05-28T14:00:00+02:00
687;Precio de pago desvíos a bajar;;;0.44;2024-05-28T15:00:00+02:00
687;Precio de pago desvíos a bajar;;;0.44;2024-05-28T16:00:00+02:00
687;Precio de pago desvíos a bajar;;;28.26;2024-05-28T17:00:00+02:00
687;Precio de pago desvíos a bajar;;;56.37;2024-05-28T18:00:00+02:00
687;Precio de pago desvíos a bajar;;;63.29;2024-05-28T19:00:00+02:00
687;Precio de pago desvíos a bajar;;;96.12;2024-05-28T20:00:00+02:00
687;Precio de pago desvíos a bajar;;;92.7;2024-05-28T21:00:00+02:00
687;Precio de pago desvíos a bajar;;;90.29;2024-05-28T22:00:00+02:00
687;Precio de pago desvíos a bajar;;;85.39;2024-05-28T23:00:00+02:00
687;Precio de pago desvíos a bajar;;;88;2024-05-29T00:00:00+02:00
687;Precio de pago desvíos a bajar;;;86.18;2024-05-29T01:00:00+02:00
687;Precio de pago desvíos a bajar;;;91.74;2024-05-29T02:00:00+02:00
687;Precio de pago desvíos a bajar;;;90.53;2024-05-29T03:00:00+02:00
687;Precio de pago desvíos a bajar;;;89.96;2024-05-29T04:00:00+02:00
687;Precio de pago desvíos a bajar;;;91.9;2024-05-29T05:00:00+02:00
687;Precio de pago desvíos a bajar;;;91.69;2024-05-29T06:00:00+02:00
687;Precio de pago desvíos a bajar;;;89.29;2024-05-29T07:00:00+02:00
687;Precio de pago desvíos a bajar;;;89.26;2024-05-29T08:00:00+02:00
687;Precio de pago desvíos a bajar;;;90.91;2024-05-29T09:00:00+02:00
687;Precio de pago desvíos a bajar;;;47.11;2024-05-29T10:00:00+02:00
687;Precio de pago desvíos a bajar;;;74.91;2024-05-29T11:00:00+02:00
687;Precio de pago desvíos a bajar;;;73.09;2024-05-29T12:00:00+02:00
687;Precio de pago desvíos a bajar;;;56.74;2024-05-29T13:00:00+02:00
687;Precio de pago desvíos a bajar;;;22.47;2024-05-29T14:00:00+02:00
687;Precio de pago desvíos a bajar;;;11.98;2024-05-29T15:00:00+02:00
687;Precio de pago desvíos a bajar;;;77.14;2024-05-29T16:00:00+02:00
687;Precio de pago desvíos a bajar;;;79.49;2024-05-29T17:00:00+02:00
687;Precio de pago desvíos a bajar;;;85.44;2024-05-29T18:00:00+02:00
687;Precio de pago desvíos a bajar;;;85.12;2024-05-29T19:00:00+02:00
687;Precio de pago desvíos a bajar;;;95.3;2024-05-29T20:00:00+02:00
687;Precio de pago desvíos a bajar;;;92.17;2024-05-29T21:00:00+02:00
687;Precio de pago desvíos a bajar;;;90.11;2024-05-29T22:00:00+02:00
687;Precio de pago desvíos a bajar;;;87.13;2024-05-29T23:00:00+02:00
687;Precio de pago desvíos a bajar;;;91.08;2024-05-30T00:00:00+02:00
687;Precio de pago desvíos a bajar;;;48.08;2024-05-30T01:00:00+02:00
687;Precio de pago desvíos a bajar;;;47.51;2024-05-30T02:00:00+02:00
687;Precio de pago desvíos a bajar;;;40.53;2024-05-30T03:00:00+02:00
687;Precio de pago desvíos a bajar;;;42.88;2024-05-30T04:00:00+02:00
687;Precio de pago desvíos a bajar;;;55.45;2024-05-30T05:00:00+02:00
687;Precio de pago desvíos a bajar;;;70.96;2024-05-30T06:00:00+02:00
687;Precio de pago desvíos a bajar;;;86.96;2024-05-30T07:00:00+02:00
687;Precio de pago desvíos a bajar;;;75.16;2024-05-30T08:00:00+02:00
687;Precio de pago desvíos a bajar;;;63.2;2024-05-30T09:00:00+02:00
687;Precio de pago desvíos a bajar;;;62.47;2024-05-30T10:00:00+02:00
687;Precio de pago desvíos a bajar;;;76.14;2024-05-30T11:00:00+02:00
687;Precio de pago desvíos a bajar;;;80.25;2024-05-30T12:00:00+02:00
687;Precio de pago desvíos a bajar;;;18.51;2024-05-30T13:00:00+02:00
687;Precio de pago desvíos a bajar;;;1.07;2024-05-30T14:00:00+02:00
687;Precio de pago desvíos a bajar;;;0.44;2024-05-30T15:00:00+02:00
687;Precio de pago desvíos a bajar;;;0.16;2024-05-30T16:00:00+02:00
687;Precio de pago desvíos a bajar;;;10;2024-05-30T17:00:00+02:00
687;Precio de pago desvíos a bajar;;;65.26;2024-05-30T18:00:00+02:00
687;Precio de pago desvíos a bajar;;;77.64;2024-05-30T19:00:00+02:00
687;Precio de pago desvíos a bajar;;;81.55;2024-05-30T20:00:00+02:00
687;Precio de pago desvíos a bajar;;;89.46;2024-05-30T21:00:00+02:00
687;Precio de pago desvíos a bajar;;;86.82;2024-05-30T22:00:00+02:00
687;Precio de pago desvíos a bajar;;;66.84;2024-05-30T23:00:00+02:00
687;Precio de pago desvíos a bajar;;;62.23;2024-05-31T00:00:00+02:00
687;Precio de pago desvíos a bajar;;;37.77;2024-05-31T01:00:00+02:00
687;Precio de pago desvíos a bajar;;;23.58;2024-05-31T02:00:00+02:00
687;Precio de pago desvíos a bajar;;;7.12;2024-05-31T03:00:00+02:00
687;Precio de pago desvíos a bajar;;;8.24;2024-05-31T04:00:00+02:00
687;Precio de pago desvíos a bajar;;;11.75;2024-05-31T05:00:00+02:00
687;Precio de pago desvíos a bajar;;;48.37;2024-05-31T06:00:00+02:00
687;Precio de pago desvíos a bajar;;;50.38;2024-05-31T07:00:00+02:00
687;Precio de pago desvíos a bajar;;;12.14;2024-05-31T08:00:00+02:00
687;Precio de pago desvíos a bajar;;;8.53;2024-05-31T09:00:00+02:00
687;Precio de pago desvíos a bajar;;;2.64;2024-05-31T10:00:00+02:00
687;Precio de pago desvíos a bajar;;;0.32;2024-05-31T11:00:00+02:00
687;Precio de pago desvíos a bajar;;;0;2024-05-31T12:00:00+02:00
687;Precio de pago desvíos a bajar;;;0.42;2024-05-31T13:00:00+02:00
687;Precio de pago desvíos a bajar;;;-9.65;2024-05-31T14:00:00+02:00
687;Precio de pago desvíos a bajar;;;0.22;2024-05-31T15:00:00+02:00
687;Precio de pago desvíos a bajar;;;0.44;2024-05-31T16:00:00+02:00
687;Precio de pago desvíos a bajar;;;0.74;2024-05-31T17:00:00+02:00
687;Precio de pago desvíos a bajar;;;2.87;2024-05-31T18:00:00+02:00
687;Precio de pago desvíos a bajar;;;7.36;2024-05-31T19:00:00+02:00
687;Precio de pago desvíos a bajar;;;56.82;2024-05-31T20:00:00+02:00
687;Precio de pago desvíos a bajar;;;40.73;2024-05-31T21:00:00+02:00
687;Precio de pago desvíos a bajar;;;60.52;2024-05-31T22:00:00+02:00
687;Precio de pago desvíos a bajar;;;11.33;2024-05-31T23:00:00+02:00